id,gaze,publisher,page,image,position,town,breadth,category_1,category_2,festival,note
P01,promotional,和歌山県観光連盟 · Wakayama official tourism site,https://www.wakayama-kanko.or.jp/spots/detail_479.html,479_1_l.jpg,mountain,no,intraocular,Statue & Symbol,Natural objects,no,the hall under Gotobiki-iwa from the steps below it
P02,promotional,和歌山県観光連盟 · Wakayama official tourism site,https://www.wakayama-kanko.or.jp/spots/detail_479.html,479_2_l.jpg,threshold,no,intraocular,Bridge,Statue & Symbol,no,the vermilion bridge over the channel; the lower torii beyond
P03,promotional,和歌山県観光連盟 · Wakayama official tourism site,https://www.wakayama-kanko.or.jp/spots/detail_479.html,479_3_l.jpg,threshold,no,intraocular,Statue & Symbol,Path,no,the lower torii at the foot of the steps
P04,promotional,和歌山県観光連盟 · Wakayama official tourism site,https://www.wakayama-kanko.or.jp/spots/detail_479.html,479_4_l.jpg,mountain,no,intraocular,Path,Statue & Symbol,no,steps between vermilion fences and a torii on the slope
P05,promotional,和歌山県観光連盟 · Wakayama official tourism site,https://www.wakayama-kanko.or.jp/spots/detail_479.html,479_5_l.jpg,mountain,no,intraocular,Statue & Symbol,Natural objects,no,the hall and the rock with cherry blossom
P06,promotional,和歌山県観光連盟 · Wakayama official tourism site,https://www.wakayama-kanko.or.jp/spots/detail_479.html,479_6_l.jpg,mountain,yes,extraocular,Statue & Symbol,Village,no,the hall on the cliff; the town and the sea below
P07,promotional,和歌山県観光連盟 · Wakayama official tourism site,https://www.wakayama-kanko.or.jp/spots/detail_479.html,479_7_l.jpg,mountain,yes,extraocular,Statue & Symbol,Village,no,the hall close up; the town behind
P08,promotional,和歌山県観光連盟 · Wakayama official tourism site,https://www.wakayama-kanko.or.jp/spots/detail_479.html,479_8_l.jpg,mountain,yes,extraocular,Village,Natural objects,no,cherry blossom over the town and the sea from the summit terrace
P09,promotional,和歌山県観光連盟 · Wakayama official tourism site,https://www.wakayama-kanko.or.jp/spots/detail_479.html,479_9_l.jpg,mountain,no,intraocular,Path,Forest,no,mossy stone steps in the forest
P10,promotional,和歌山県観光連盟 · Wakayama official tourism site,https://www.wakayama-kanko.or.jp/spots/detail_479.html,479_10_l.jpg,mountain,no,intraocular,People,,yes,torch-bearers of the Oto Matsuri at night
P11,promotional,新宮市観光協会 · Shingū City Tourism Association,https://www.shinguu.jp/spots/detail/A0002,micL3YzzNpE1W2D8FlqAzHhvpmJLkJ.jpg,town,no,ocular,Terrain,Statue & Symbol,no,the hall and the rock on the mountainside with cherry blossom seen from a distance; the same photograph appears a second time without its World Heritage badge (SDsXXgsb6Fhx12i8AiRSW21ZPdPwz8.jpg) and is counted once
P12,promotional,新宮市観光協会 · Shingū City Tourism Association,https://www.shinguu.jp/spots/detail/A0002,dpXJYk0OZeGAY4Q2YNlF2ywNsCseYj.jpg,mountain,yes,extraocular,Statue & Symbol,Village,no,the hall at night under cherry blossom; the lights of the town below
P13,promotional,新宮市観光協会 · Shingū City Tourism Association,https://www.shinguu.jp/spots/detail/A0002,tjBUi4YEhKMhpp3HaEtfjh771eUGe5.jpg,mountain,no,intraocular,Path,People,no,walkers on the stone steps
P14,promotional,新宮市観光協会 · Shingū City Tourism Association,https://www.shinguu.jp/spots/detail/A0002,xnrXCAWtjjXt2zI74K6RfZ6G6TJ1qv.jpg,mountain,no,intraocular,People,Statue & Symbol,yes,torches at the torii on the festival night
P15,promotional,新宮市観光協会 · Shingū City Tourism Association,https://www.shinguu.jp/spots/detail/A0002,d1juxrqtSAExX8As15V4waRqDFJUmA.jpg,mountain,yes,extraocular,Village,People,no,visitors on the summit terrace above the town and the sea
P16,promotional,田辺市熊野ツーリズムビューロー · Kumano Tourism Bureau,https://www.tb-kumano.jp/en/places/shingu/,kamikura-jinja.jpg,mountain,yes,extraocular,Statue & Symbol,Natural objects,no,the hall under the rock; the town and the sea at the edge
P17,promotional,南紀熊野ジオパーク · Nanki Kumano Geopark,https://nankikumanogeo.jp/view_point/view_point-5364/,image_gotobiki-1.jpg,mountain,yes,extraocular,Village,Terrain,no,the view from Gotobiki-iwa over the town to the sea
P18,promotional,南紀熊野ジオパーク · Nanki Kumano Geopark,https://nankikumanogeo.jp/view_point/view_point-5364/,image_gotobikiiwa_3.jpg,mountain,no,intraocular,Path,Forest,no,stone steps in the forest
P19,promotional,南紀熊野ジオパーク · Nanki Kumano Geopark,https://nankikumanogeo.jp/view_point/view_point-5364/,image_gotobikiiwa_1.jpg,mountain,yes,extraocular,Statue & Symbol,Path,no,the hall and the last steps; the town at the edge
P20,promotional,南紀熊野ジオパーク · Nanki Kumano Geopark,https://nankikumanogeo.jp/view_point/view_point-5364/,H26_08 お灯祭り.jpg,mountain,no,intraocular,People,Statue & Symbol,yes,the Oto Matsuri (a prize of the 2014 photo contest)
P21,promotional,南紀熊野ジオパーク · Nanki Kumano Geopark,https://nankikumanogeo.jp/eng/geosite/kamikurasan-no-gotobikiiwa/,pic_geosite007_main.jpg,mountain,no,extraocular,Statue & Symbol,Natural objects,no,the hall under the rock from the rock slab; the sea at the edge
P22,promotional,熊野速玉大社 · Kumano Hayatama Taisha,https://kumanohayatama.jp/?page_id=18,gotobiki02.jpg,mountain,no,intraocular,Natural objects,Statue & Symbol,no,Gotobiki-iwa with its sacred rope; the same photograph cropped (gotobiki05.jpg) is counted once
P23,promotional,熊野速玉大社 · Kumano Hayatama Taisha,https://kumanohayatama.jp/?page_id=18,gotobiki04.jpg,town,no,ocular,Terrain,Statue & Symbol,no,the mountain from below; the hall a red point on the cliff
P24,promotional,熊野速玉大社 · Kumano Hayatama Taisha,https://kumanohayatama.jp/?page_id=18,gotobiki06.jpg,mountain,yes,extraocular,Statue & Symbol,Village,no,the hall and the rock at dusk; the town below
P25,promotional,熊野速玉大社 · Kumano Hayatama Taisha,https://kumanohayatama.jp/?page_id=18,gotobiki07.jpg,mountain,no,intraocular,People,Statue & Symbol,yes,torches at the torii on the festival night
P26,promotional,熊野速玉大社 · Kumano Hayatama Taisha,https://kumanohayatama.jp/?page_id=18,gotobiki08.jpg,threshold,no,intraocular,Statue & Symbol,Path,no,the lower torii at the foot of the steps
P27,promotional,熊野速玉大社 · Kumano Hayatama Taisha,https://kumanohayatama.jp/?page_id=18,gotobiki09.jpg,mountain,no,intraocular,Path,Forest,no,男坂: the 538 steps
P28,promotional,熊野速玉大社 · Kumano Hayatama Taisha,https://kumanohayatama.jp/?page_id=18,gotobiki10.jpg,mountain,no,intraocular,Path,Forest,no,女坂: the gentler path
P29,promotional,和歌山県 道路政策課 · Wakayama Prefecture road policy division,https://www.pref.wakayama.lg.jp/prefg/081300/d00214824.html,001.jpg,mountain,no,intraocular,Statue & Symbol,Natural objects,no,the hall and the rock above stone walls
P30,promotional,和歌山県 道路政策課 · Wakayama Prefecture road policy division,https://www.pref.wakayama.lg.jp/prefg/081300/d00214824.html,002_s.jpg,threshold,no,intraocular,Statue & Symbol,Path,no,the lower torii at the foot of the steps
P31,promotional,和歌山県 道路政策課 · Wakayama Prefecture road policy division,https://www.pref.wakayama.lg.jp/prefg/081300/d00214824.html,003_s.jpg,mountain,no,intraocular,People,Statue & Symbol,yes,the Oto Matsuri
P32,promotional,和歌山県 道路政策課 · Wakayama Prefecture road policy division,https://www.pref.wakayama.lg.jp/prefg/081300/d00214824.html,004.jpg,threshold,no,intraocular,Bridge,Statue & Symbol,no,the vermilion bridge and the 下馬 stone
P33,promotional,和歌山県 道路政策課 · Wakayama Prefecture road policy division,https://www.pref.wakayama.lg.jp/prefg/081300/d00214824.html,005.jpg,foot,no,intraocular,Statue & Symbol,Man-made structure,no,the gate of 妙心寺 between stone walls
P34,promotional,熊野速玉大社 · Kumano Hayatama Taisha,https://kumanohayatama.jp/?page_id=18,map2.jpg,foot,no,intraocular,Facilities,Village,no,the access section: the signs of the shrine's visitor car parks (世界遺産「神倉神社」観光客専用駐車場) among the houses at the foot; two photographs in one image; its mobile crops gotobiki-sp01–03.jpg repeat gotobiki02/04/06 and are not counted
P35,promotional,熊野速玉大社 · Kumano Hayatama Taisha,https://kumanohayatama.jp/?page_id=18,gotobiki11.jpg,map,,,Map,,no,登拝ルート図: the way up from the bridge at the foot to the rock; the foot's houses and the channel drawn as a base
P36,promotional,南紀熊野ジオパーク · Nanki Kumano Geopark,https://nankikumanogeo.jp/view_point/view_point-5364/,flg_gotobikiiwa_map01_JA_EN.jpg,map,,,Map,,no,the torii at the foot with parking and toilets; three photo spots marked at the rock
P37,promotional,南紀熊野ジオパーク · Nanki Kumano Geopark,https://nankikumanogeo.jp/eng/geosite/kamikurasan-no-gotobikiiwa/,７ゴトビキ岩の成り立ちeng.jpg,map,,,Map,,no,how the boulder formed: cooling joints weathered round
M01,municipal,新宮市 · Shingū City · 都市計画マスタープラン (December 2012),https://www.city.shingu.lg.jp/div/tosiken-1/pdf/keikaku/toshimas.pdf,p. 36,town,no,ocular,Terrain,Village,no,Gongen-yama and its cliff rising behind the roofs of its foot; beside the text that the mountains can be seen from the town; the same photograph again on p. 54 beside 市街地の背景となる山々の景観 (counted once)
M02,municipal,新宮市 · Shingū City · 都市計画マスタープラン (December 2012),https://www.city.shingu.lg.jp/div/tosiken-1/pdf/keikaku/toshimas.pdf,p. 67,mountain,no,intraocular,Statue & Symbol,Natural objects,no,神倉神社: the hall and the rock from the stones below
M03,municipal,新宮市 · Shingū City · 都市計画マスタープラン (December 2012),https://www.city.shingu.lg.jp/div/tosiken-1/pdf/keikaku/toshimas.pdf,p. 30,mountain,yes,extraocular,Village,Natural objects,no,the town and the sea in cherry blossom from the summit terrace (its vermilion fence at the edge); beside 清らかで尊い自然と共生できるまちづくり
M04,municipal,新宮市 · Shingū City · 都市計画マスタープラン (December 2012),https://www.city.shingu.lg.jp/div/tosiken-1/pdf/keikaku/toshimas.pdf,p. 37,mountain,no,intraocular,People,Statue & Symbol,yes,the torches of the Oto Matsuri at the torii; beside 「熊野御燈祭」, the festival of fire known across the country
H01,historical,久保写真館 · Kubo photo studio · 熊野百景写真帖 (1913),https://dl.ndl.go.jp/pid/906106/1/29,plate 58 神倉山上,mountain,no,intraocular,Forest,Terrain,no,on top of Kamikura-yama: trees and rock against the sky; no building in the frame
O01,researcher,the authors · field visit 28 September 2025,,20250928_115630.jpg,threshold,no,intraocular,Facilities,,no,board 「史跡 熊野三山（権現山）」
O02,researcher,the authors · field visit 28 September 2025,,20250928_115643.jpg,threshold,no,intraocular,Facilities,,no,board 天磐盾
O03,researcher,the authors · field visit 28 September 2025,,20250928_115657.jpg,threshold,no,intraocular,Facilities,,no,board 神倉神社
O04,researcher,the authors · field visit 28 September 2025,,20250928_115930.jpg,foot,no,intraocular,Man-made structure,Artifact,no,Youth Library えんがわ in an old house; its hand-made sign
O05,researcher,the authors · field visit 28 September 2025,,20250928_120202.jpg,foot,no,intraocular,Facilities,,no,board 妙心寺の由来
O06,researcher,the authors · field visit 28 September 2025,,20250928_120233.jpg,foot,no,intraocular,Channel,Village,no,神倉堀端都市下水路 between the lane and the houses
O07,researcher,the authors · field visit 28 September 2025,,20250928_120247.jpg,foot,no,intraocular,Natural objects,Man-made structure,no,a gourd vine over a garden wall
O08,researcher,the authors · field visit 28 September 2025,,20250928_120624.jpg,foot,no,intraocular,Path,Channel,no,the lane along the channel
O09,researcher,the authors · field visit 28 September 2025,,20250928_120755.jpg,foot,no,intraocular,Natural objects,Channel,no,crabs at the waterline of the channel wall
O10,researcher,the authors · field visit 28 September 2025,,20250928_121251.jpg,threshold,no,intraocular,Statue & Symbol,Channel,no,the grounds of 出雲大社新宮教会 across the channel's railing
